<?xml version="1.0" encoding="UTF-8"?>
<project-private xmlns="http://www.netbeans.org/ns/project-private/1">
    <editor-bookmarks xmlns="http://www.netbeans.org/ns/editor-bookmarks/2" lastBookmarkId="0"/>
    <open-files xmlns="http://www.netbeans.org/ns/projectui-open-files/2">
        <group>
            <file>file:/C:/Users/amal/Documents/NetBeansProjects/autoxpress/src/gui/PayementController.java</file>
            <file>file:/C:/Users/amal/Documents/NetBeansProjects/autoxpress/src/entities/payement.java</file>
            <file>file:/C:/Users/amal/Documents/NetBeansProjects/autoxpress/src/services/payementCRUD.java</file>
            <file>file:/C:/Users/amal/Documents/NetBeansProjects/autoxpress/src/gui/fxMain.java</file>
            <file>file:/C:/Users/amal/Documents/NetBeansProjects/autoxpress/src/entities/historique_reservation.java</file>
            <file>file:/C:/Users/amal/Documents/NetBeansProjects/autoxpress/src/entities/Reservation.java</file>
            <file>file:/C:/Users/amal/Documents/NetBeansProjects/autoxpress/src/gui/HistoriqueController.java</file>
            <file>file:/C:/Users/amal/Documents/NetBeansProjects/autoxpress/src/gui/ReservationController.java</file>
            <file>file:/C:/Users/amal/Documents/NetBeansProjects/autoxpress/src/gui/reservation.fxml</file>
            <file>file:/C:/Users/amal/Documents/NetBeansProjects/autoxpress/src/services/reservationCRUD.java</file>
        </group>
    </open-files>
</project-private>
